"Genes","Cell_Type3","Cell_Type2","Cell_Type1","Cell_Type4"
"Gene1",98.6154440325899,100.098214879083,83.417245645958,89.5913251036233
"Gene2",6.74786933941512,38.315696119609,32.6105779632767,34.6175558766199
"Gene3",39.7988637450415,39.4700181939886,127.821514890522,28.7209336272241
"Gene4",0.836347370165661,0.982855627891682,0.642485563627629,0.749856555281476
"Gene5",45.2742614409989,40.0024438896177,37.6068748489739,40.0531655224334
"Gene6",7.13726316265206,7.56983352364015,5.89859859812677,6.65599007511033
"Gene7",6.51149473108218,6.31022056309055,5.15052537189965,17.315704441061
"Gene8",73.7246757227449,76.317244199967,63.8838341000841,68.3814185426735
"Gene9",16.6657358782281,17.2199585669549,7.27568738808929,14.4513858308598
"Gene10",703.304262417669,88.7560251312938,74.7924795870627,78.9733801351957
"Gene11",14.1844698348049,14.6403919079865,9.2781030729279,12.3378020355108
"Gene12",236.263337206462,237.534467421184,198.399414487533,218.197153026822
"Gene13",239.286748868961,238.308137446126,202.616244029283,357.468746267748
"Gene14",24.6022873587725,35.950449708036,30.3562629638612,31.8850960804113
"Gene15",0,0,0,0
"Gene16",78.3955050250638,297.760520405621,66.2690837551624,69.3348380899078
"Gene17",58.10416360478,61.7244852599128,52.4442336973247,53.7654671160291
"Gene18",14.3881541197214,14.4708289123162,12.1259877197361,12.9072464887745
"Gene19",9.58025433078908,8.21681143711934,8.34187214636965,8.58533322325187
"Gene20",62.3575453552544,106.072850490545,13.49185789327,56.1647409251348
"Gene21",51.2813837607832,11.4289536591022,42.3673883655182,45.2259707929413
"Gene22",8.90154452724649,23.8376260367238,19.265195378634,20.3166857683229
"Gene23",0.351676717651617,0.368306969480911,0.306268552887735,0.304655469050305
"Gene24",65.821789032208,65.7355154678941,56.6292931426724,58.4713800909692
"Gene25",5.55360967305628,5.55930630156852,4.52168044291055,5.30436129160808
"Gene26",6.64927641681838,6.76637642776125,5.78632794677046,6.08956271100212
"Gene27",0.975744821173388,0.321546615898685,0.812232315084965,0.771154284200352
"Gene28",107.784704503403,111.326272106029,29.9013345104909,95.6032726689022
"Gene29",44.1942801765211,45.8818892910635,38.0904983198417,41.1654950224972
"Gene30",32.5269933381145,32.4839187180862,26.8955462789632,29.2126304220259
"Gene31",83.0043551182205,82.736377266933,69.0995805037682,72.8807180117203
"Gene32",102.048824985446,73.4616815211687,60.6809765296402,63.6006457249563
"Gene33",178.945514150843,182.513790367364,152.106552386588,389.107492637987
"Gene34",15.7049175592056,16.0435941760741,13.5520435900402,13.5238728106558
"Gene35",44.6037238782931,21.5546296555903,128.84792727347,38.9518055918206
"Gene36",3.80466537959966,19.7061771856349,89.489180367367,6.80413698704803
"Gene37",38.8239128519204,38.102357690476,11.87893722425,34.2069715283207
"Gene38",581.156189247376,125.671422619815,103.659306839642,110.037991711546
"Gene39",160.14163265891,162.301229021217,134.64892345617,142.694632491391
"Gene40",16.5301594342031,31.9458094926674,13.9873598978491,14.9348779604586
"Gene41",48.2722181444339,47.0984154627405,40.3900123739796,43.4602909811579
"Gene42",153.810401813781,158.75018973032,128.285195860496,107.268450263656
"Gene43",149.16498032707,149.612774808946,127.008664368427,133.957478042683
"Gene44",2.21755604997688,3.26363020858699,2.76753515033151,2.71081121765896
"Gene45",4.11272381783805,4.19956941029555,3.52655340068332,3.60273877566887
"Gene46",224.129505420296,231.106742037843,188.60458407502,199.039861648905
"Gene47",12.572514757475,5.34252549012523,10.1199916418073,11.0949379356328
"Gene48",122.153346703757,125.43392530143,430.166684633527,109.752782207239
"Gene49",176.745201109913,179.37092243822,353.998240924512,22.261267249232
"Gene50",10.650706927789,10.881641721973,36.6971050495473,26.4422871400421
"Gene51",0.0122896450764337,0.0544447901916686,0.0899183783039971,0.0423945739986392
"Gene52",30.3242196529279,143.298741403892,16.5295204090331,26.9098561015754
"Gene53",4.31774582483147,27.821903311808,22.7336060052363,24.4302180391291
"Gene54",155.019758902308,161.170736014244,131.928200589396,134.167459529007
"Gene55",2.48734988364102,1.06473533254,1.18082830699254,1.31582037145861
"Gene56",8.30272567705129,8.12300880730524,7.1728582199903,8.01445483988584
"Gene57",88.2534969946537,90.0228450558075,73.6374713851934,77.0580942403015
"Gene58",1095.01023480068,1075.93252090014,889.075980738481,941.270992451893
"Gene59",103.327472650155,108.289598460018,87.6272401162916,36.0856539197576
"Gene60",3.8601911206114,3.92065697529098,3.69785159977704,3.47978297272857
"Gene61",111.466237136829,32.9467562114259,27.435642561967,28.8720557612227
"Gene62",47.8515768449686,50.6460902870459,42.8888125983396,43.9382331754769
"Gene63",1.71357561861279,1.7971684322799,1.38542260686306,1.51047103591101
"Gene64",1462.7960057481,1467.0502452428,1216.21566897088,1316.35913020492
"Gene65",2.22907609493349,2.3357286634638,1.94053254827516,2.22645623853924
"Gene66",223.462407831616,774.420702165915,190.896598707133,203.04133398873
"Gene67",24.6270249592255,24.6832386315718,20.5515551963608,22.6984600453149
"Gene68",0.526424076144451,0.644354054721973,0.354942830534365,0.420760141418562
"Gene69",63.1824139097111,62.8143462398053,50.1891761257224,54.0265225536871
"Gene70",4.71561920321485,4.99580176596448,3.77593395220413,4.22601384376612
"Gene71",87.1072298214482,89.5587833595354,134.722204180082,79.4285554545606
"Gene72",20.1906961859458,20.0401105103646,17.1299018396502,18.2613834087893
"Gene73",58.8888172661346,60.5739086768275,48.842821520463,52.2530358567536
"Gene74",1.15283172740705,1.09573837918765,1.15133733631959,1.10350364500555
"Gene75",2.46096662670555,2.48154333862703,2.27521406700559,2.29819374258762
"Gene76",110.765427566221,115.929216935653,122.132742379668,101.41575078085
"Gene77",33.0594558093689,33.9378771078408,11.2665351722131,30.3899644873091
"Gene78",27.5369622363163,28.4313637408624,40.9204536857304,12.0178137662209
"Gene79",70.8747722547573,72.6294671940204,22.6096050114234,62.9199508919332
"Gene80",0.0699354785266765,0.0573356792917341,0.0493449220146137,0.0586171023366371
"Gene81",6.00176939314585,6.18007867952285,5.41069441931635,13.0033292671893
"Gene82",317.964487628446,255.104999615435,88.8779133374475,94.5181752570475
"Gene83",43.2893770935797,44.7571942516287,35.9276625292402,40.783199639746
"Gene84",51.7938051722333,424.923888890276,44.0463427164725,48.255230366799
"Gene85",5.51058661736051,5.53238550803516,4.41512857815671,4.40939360339984
"Gene86",11.0638339723917,11.3813645852951,9.59946016839747,10.2847833168281
"Gene87",68.4120620368009,71.4929685682572,58.2399795482267,26.4226451410247
"Gene88",5.81400022278623,5.66783353174177,4.7939508666697,5.18836475191795
"Gene89",0.728067182786797,1.50501919482497,0.588124207793254,0.652259140118262
"Gene90",104.468297705691,103.778808770655,86.787767863116,92.3972514199011
"Gene91",107.627908082214,111.855025682611,90.4669566419077,96.7790868500355
"Gene92",2.70804027983607,7.72347357985843,2.29213293979747,2.60366689560297
"Gene93",16.6346166930668,35.1551996190138,8.66976895743497,14.2928757233002
"Gene94",36.0732294443473,35.0650121862566,29.2563289270387,30.6873460780538
"Gene95",32.1987183418698,31.4815854253442,6.61882526010904,96.2663447015264
"Gene96",82.879498215787,84.9774093812144,68.2909175277157,76.6848206466177
"Gene97",29.6576958240438,92.383569524395,24.9262480286764,25.9103820827707
"Gene98",59.4809508613733,59.6462022101855,79.6025594738407,53.9588773768062
"Gene99",5.98188827996151,5.95471871659684,5.14476626326465,5.38549476476306
"Gene100",44.1003870731374,42.8045657477251,14.0969856164814,38.6936502272773
"Gene101",55.0031904555913,54.1514486903967,44.5874457223638,86.2561950663582
"Gene102",6.44816256154667,7.22623133303036,1.16894429057067,11.6513707625179
"Gene103",12.0693841666555,12.3221185578254,10.4416647745319,10.6225031953127
"Gene104",1596.46509823814,1623.55294282359,1340.33054346485,1414.61405597374
"Gene105",97.268134374921,97.0754840982853,12.8999092734403,86.1030312278938
"Gene106",55.0692906121674,57.1442150696163,47.7298226195513,114.537344862711
"Gene107",16.7819623520581,61.7459923387949,14.6172619901461,59.0477646089064
"Gene108",42.7955421312023,43.9591526725504,9.42324842489026,14.4613307257053
"Gene109",1.97382756434605,0.769757012353287,2.23486956466498,0.657260526628008
"Gene110",36.2855682783275,12.6968795139455,5.82216007925876,33.3043826998381
"Gene111",200.576513133746,59.7317646060595,11.3409116649622,53.0321069698909
"Gene112",4.01701192768644,3.79552645067998,3.4885943855155,3.20796482738425
"Gene113",46.7709780052116,46.5862775867264,38.8910819555786,14.5591150328236
"Gene114",118.936794761336,240.850414867689,103.623738566005,107.635629297783
"Gene115",86.3189552972572,88.8082140243216,72.0380762700225,77.5110937177902
"Gene116",4.61029848227742,4.43286352203641,13.3848657467788,4.11234863180656
"Gene117",147.2275183792,151.560054515756,290.802391988235,130.685817609424
"Gene118",2.80171760312677,2.89607061930074,2.47121082156333,2.80066373741927
"Gene119",30.146440365869,30.1501686632616,4.84121398588845,26.877824851967
"Gene120",1.32423503271615,2.79368066182694,1.10789323918783,1.1551388290047
"Gene121",13.9802143367358,92.051799442844,11.1406753212489,11.5183421005967
"Gene122",18.4482661782398,18.6258765617689,15.5503785428183,16.4881686461878
"Gene123",2052.37782435021,910.56207436379,1745.21048650094,1859.43758359412
"Gene124",55.0605339774931,57.9379877435316,46.45514697276,49.1814956870495
"Gene125",19.2588176357135,36.1097351089369,16.3800427881136,17.6747996571744
"Gene126",69.4268252348923,68.8315418594254,59.3916147253774,62.8345474319691
"Gene127",290.361169501683,60.1898568348347,50.8934844989582,55.2771487443976
"Gene128",79.4609497408379,26.8263662624913,68.9007982083498,69.5645723874992
"Gene129",10.1521502099399,10.4011373736696,8.3907898667789,12.1470359911003
"Gene130",0.0267610497226728,0.218039565299218,0.196995240487309,0.216005105590669
"Gene131",23.7555911192536,23.5892586659587,20.0491616594625,20.9968019065019
"Gene132",25.8113169372895,90.048365660964,9.74225945751526,22.5549701454307
"Gene133",1.14360230947225,1.03254336217492,1.023057749896,0.970391136756409
"Gene134",19.3241759180074,19.8212277045058,3.335196387296,17.1797900363003
"Gene135",70.1128788773046,70.4380465897031,57.1009241124975,61.1667076129553
"Gene136",5.03343589016661,4.91372250894725,4.23317345758825,4.25683550637158
"Gene137",322.656922113005,92.1967160464972,77.7466131994766,81.9891347739547
"Gene138",1041.36602429006,1057.26714918847,2748.64888734701,928.993303355962
"Gene139",14.7922744045075,16.2886741406676,13.2934793353266,14.1002962951241
"Gene140",88.4959586145367,38.4403602527423,72.7834318385421,79.196271011653
"Gene141",13.6688209863511,13.9686673064512,4.63991608294122,12.3474060388582
"Gene142",8.68730004722676,9.07971831068445,7.3999410172341,8.11649370700754
"Gene143",14.7919991678624,3.15165547614216,11.5002493740347,11.8516623991698
"Gene144",3.49624836542799,3.78542659047734,2.76809925337744,2.96439081665823
"Gene145",1.62481794990147,1.68537376758702,1.4548971426752,1.59965227349303
"Gene146",927.655114617602,945.899620808756,783.539688834248,813.862207789804
"Gene147",15.567635688123,8.65535774991261,13.2802167311184,14.7361120648234
"Gene148",0.219407320659426,0.0382993454261854,0.0325689158330598,0.0390417704007199
"Gene149",22.0312913899222,21.9220282797331,17.5369319963557,62.6913641487694
"Gene150",7.7026724653689,7.80174834282237,6.34351650623973,6.75093326542033
"Gene151",48.0506342326974,51.1032196871871,40.5055712865734,43.0263476849169
"Gene152",101.179408317022,104.563918072876,87.7466264868334,92.2286525907745
"Gene153",24.0739835857953,24.0185360147008,116.691113790266,21.4999877441427
"Gene154",14.9097133827287,25.7546171681788,12.5115344523792,12.184831040651
"Gene155",173.016758465959,173.908099738642,145.713518380446,68.1717159709993
"Gene156",106.842092473135,110.886588115375,90.5436729361105,96.9714226997878
"Gene157",2043.52823391293,2082.97890647633,1237.02044820373,1855.38247388127
"Gene158",6.15390460462146,6.83770830105881,26.1432905240782,5.80090273275185
"Gene159",77.7223472550891,75.9144701051569,66.3693277627693,68.7868212925019
"Gene160",101.585454863237,103.115732351192,86.2033870274014,89.2366200188539
"Gene161",16.5586802364572,17.896280803474,15.4537894403311,58.7424090296853
"Gene162",10.2912230016004,10.288159893261,8.09590707111268,9.19624969012351
"Gene163",27.7653762558506,8.34235723197286,24.225263349185,9.61063439890786
"Gene164",45.7816834417817,46.18553210367,39.0393901260827,41.564938587304
"Gene165",173.375715581183,177.975453349406,461.539182484491,156.517004925448
"Gene166",0.0827155137636976,0.054115368507864,0.0699052486612707,0.0705287036634385
"Gene167",24.5102508156724,24.2176700474776,3.95969641958066,21.2154487971963
"Gene168",78.8869733108549,23.4696835588061,11.265632406729,33.3256604304117
"Gene169",41.7630421698729,506.845012029055,83.7422731757461,85.9081445439329
"Gene170",91.8498423062739,49.5825159220599,75.1639765241754,81.4302981079574
"Gene171",139.756495304141,238.375208745447,199.783541254365,206.982160851064
"Gene172",3.21718848742189,3.66438143313105,2.87941884008694,5.11781448510034
"Gene173",22.3111678588651,10.1947843013349,17.9544240159043,19.9667478119866
"Gene174",43.119699000975,45.1583280842386,36.3010052812596,38.8357190119572
"Gene175",6.73021128772417,1.29323404383197,3.46554358023799,3.82780960752136
"Gene176",16.4964905062434,6.53398622636436,13.3803263298865,13.8475654863614
"Gene177",0.234695231716248,0.0247525473319278,0.0244080206915944,0.0389667268746146
"Gene178",0.589043528288995,0.704989056197058,0.603624874866667,0.62715007510885
"Gene179",96.9287733745029,448.161093572483,81.0968630852523,85.2670006401655
"Gene180",8.28186233390401,39.7510811085034,33.3125615973593,34.783290118957
"Gene181",58.2013757732225,57.0886597583554,47.6303415098485,50.7435093796065
"Gene182",2142.63708514362,375.033085498613,1850.62193907522,1982.47411063366
"Gene183",64.0782586909606,65.8554385171563,56.9987892745439,57.7730082548753
"Gene184",7.79788375603379,7.80214789556475,28.8396640657524,7.01003077165976
"Gene185",78.147579991999,87.5177204931265,67.3456965876932,72.8670992611955
"Gene186",173.573481462261,176.325083642732,350.839944606281,667.6771980174
"Gene187",79.1406679951751,81.3116144779362,67.6395119348572,71.6708958019212
"Gene188",61.7547733101107,66.5354376828833,53.1871655441272,55.9180378433767
"Gene189",7.71701460980371,26.8758893444033,21.7843455686588,23.0240891216559
"Gene190",7.38078848893653,38.8723251939169,32.0360160753423,35.4046160760599
"Gene191",98.7774521284609,218.60117727433,38.4256863886621,40.4083855669347
"Gene192",163.341088147818,817.81799520289,687.656395973321,723.989425813109
"Gene193",58.4939227920305,60.0497083530417,48.7194890544185,51.1183100203109
"Gene194",93.1334400344866,94.741104979069,79.327031488672,81.486192526303
"Gene195",7.62777405474118,7.85904061099271,6.73042310078367,18.528964564219
"Gene196",77.6390724386235,78.0281335247733,102.259331700056,67.9080573992386
"Gene197",48.3530443837065,49.1469266000711,108.037257744949,10.1864464111799
"Gene198",12.3544204767823,12.7950848953594,10.3716090383137,38.9405560295142
"Gene199",783.964876673199,794.386075197729,737.660727303051,696.10161727679
"Gene200",3.08881605163349,3.13473315231836,1.15371062731799,2.84200128888418
"Gene201",44.1604510362521,34.0255125725181,28.864208965497,29.5319378438793
"Gene202",35.3036352582101,35.7913898584786,30.2399341918406,31.9580959400433
"Gene203",1214.76318092687,1230.38007833115,1022.690590573,279.876065765277
"Gene204",24.6794925094552,25.2426969923433,20.3452133262298,22.2607452104872
"Gene205",5.97529128795801,5.86726719156435,4.88042938768079,42.2265836998668
"Gene206",85.8941926583092,87.6943639748264,71.1468575252509,76.89064460496
"Gene207",13.9324433494627,13.6606790060403,11.4378957560878,12.2824199896887
"Gene208",3.38678225789829,3.64143403822302,3.06254468838374,3.26968578206216
"Gene209",226.727053515261,234.29505138511,196.172981809769,204.403963103557
"Gene210",2.30970067891568,2.4803869437557,2.07063376686949,2.23543305904641
"Gene211",14.2293111473896,14.2686266352077,12.2609175521323,44.2064139787976
"Gene212",26.9389716840267,27.0632463304075,22.0301967048831,22.4608624472439
"Gene213",17.7177754719899,18.1182193905643,15.5756176439472,15.7149933720518
"Gene214",28.1236286849318,6.21275479464458,24.9532163300907,26.6664810448123
"Gene215",0.648433079553757,0.64326833545425,0.493689045971182,0.570054606779309
"Gene216",79.211216888,79.0364393787639,66.9677343755964,70.9950659975515
"Gene217",96.2692929432383,95.6861008166299,141.859100815443,85.9238314130592
"Gene218",49.2057064917171,48.5921047729083,39.8185950311708,22.7511421917646
"Gene219",110.709816085052,35.1408437171823,30.5006123058215,20.5311419624232
"Gene220",70.1921332575481,16.0229556392037,12.496732518431,13.6981543695996
"Gene221",22.1320907389989,21.4246638592745,68.629597311638,58.4901496226539
"Gene222",1.12296098747092,10.049883658139,7.77576926582091,8.93540897143547
"Gene223",120.78415196181,121.100648642169,102.633973731801,107.125039172783
"Gene224",17.7775418035403,18.5302709646402,14.6555515774617,15.7936292857372
"Gene225",83.5608858064917,86.3293198701657,70.2623239654195,74.2793204102291
"Gene226",7.46489542877789,8.09506828834246,6.19687211496129,7.15024397978009
"Gene227",10.7805805417907,11.348585628286,9.01946463368496,20.9748174860119
"Gene228",23.0156595690885,53.3136966344596,45.1496799452284,46.5146481806138
"Gene229",264.921164683374,72.7518768098852,60.5647375166176,64.4790019504931
"Gene230",2.97304898534969,3.33990733224688,2.90034245639907,7.82710254324868
"Gene231",85.1640595048143,14.6459837201932,12.1077667701034,3.83224755551846
"Gene232",1.09249449431891,1.52744255110366,1.00763281202774,4.46801485930811
"Gene233",17.8687981732628,17.4233113744397,14.7136803470459,4.13287105093839
"Gene234",3335.83932105317,3384.08374326799,2785.92052177078,2971.51196896819
"Gene235",0.0237275334398702,0.0136780674950028,0.00271498433952904,0.0160778381716598
"Gene236",0.504965562286184,0.486666830774779,0.523180619889195,0.554092225511353
"Gene237",25.2605752586775,26.5484104058651,22.3935375312336,30.3676101282812
"Gene238",1556.42405000749,1588.65210681031,1330.28712600932,1404.70688258368
"Gene239",0.0382831505708835,0.0491190244880365,0.036083287188861,0.103382543483509
"Gene240",17.7543460451884,5.39743205687506,15.0551551227105,22.6209700036003
"Gene241",20.745034766055,20.8609205201634,17.3744917102097,18.8296832332633
"Gene242",1500.19776142633,1535.1445339006,1287.60136172872,4470.58707978052
"Gene243",43.8518503070307,43.5743080249996,36.819551170901,39.2066088013687
"Gene244",82.8879831249988,31.7078497121201,25.4368722912782,27.7727056766877
"Gene245",58.8125266455625,58.9209680090618,51.0491742108666,52.3876777284607
"Gene246",5.38461788551839,2.4297539933539,4.44053098945671,4.91935764874493
"Gene247",118.386905582672,28.025836613044,20.4403437663864,24.1503401090526
"Gene248",36.3630798833186,37.0800043403533,10.6831980454836,33.0439371597669
"Gene249",17.9107272444486,17.7161996103808,54.21048628052,15.3275973516596
"Gene250",132.263616593194,136.320950309963,114.15264098638,119.500787671419
"Gene251",12.8687412291591,6.26282360154647,11.2367954363161,11.2809666382251
"Gene252",7.68156645989936,7.4621005879336,2.18152935911303,7.2589853163169
"Gene253",220.409341823134,20.4088143357598,63.1629550710102,67.4574040779581
"Gene254",61.5094773109562,136.121626577932,51.6381289637687,322.411762198362
"Gene255",124.560566751696,124.234689971687,103.350592640912,109.165848816617
"Gene256",6.97538177753908,6.91479200082412,6.52267826585513,6.93010873731913
"Gene257",60.4302516487257,173.64057719663,51.7316431990798,53.4516231889147
"Gene258",0.101157182977475,0.153635367592389,0.079412364900557,0.106901408555838
"Gene259",2.05251375148272,2.34393304574274,1.9367329384824,2.21682491888521
"Gene260",3.49401331328249,4.3174389318514,1.67345224014206,3.8816441608446
"Gene261",7.41522004064177,2.22485249522667,2.01151162810801,1.87581602576639
"Gene262",22.6297093507309,50.2406559986457,41.2804388515317,44.8547431150904
"Gene263",6.11524231307138,6.94392719516941,5.59052622657006,1.39334938981126
"Gene264",153.773843606278,157.885924749696,128.582516177,315.558246170763
"Gene265",50.3041884095576,49.0881212564532,43.2686637585491,45.4243810886913
"Gene266",88.4919128290799,89.7310475283457,76.2862225422185,80.4033560836755
"Gene267",0.154679108295301,0.412117416107334,0.0583046374416617,0.0912903418398502
"Gene268",79.9551707289644,36.6137992938975,321.405620147899,73.5167223866118
"Gene269",0.144018079842218,0.157895012589057,0.131134715245878,0.176438127960768
"Gene270",9.89209521275089,19.8191249690294,16.742197834446,18.3089483520478
"Gene271",52.7236616866307,53.5975327078122,10.2090425167812,48.583157896903
"Gene272",21.1136742633956,21.4323312121947,18.0863108942103,18.2804539229439
"Gene273",8.76692553914931,9.02925209261595,26.1544069110221,7.61332808032593
"Gene274",33.9041971665222,39.6676179796238,32.5404498852161,93.8076042019427
"Gene275",38.0350463458419,39.8164268081522,33.4370452845102,35.0961178015787
"Gene276",236.198832609173,247.416690228511,200.668677220544,212.102982112578
"Gene277",151.616613503388,148.380972126311,125.295643602423,134.71285562109
"Gene278",19.3520049912549,19.1770583504224,16.1058737475308,17.3455373023072
"Gene279",0,0,0,0
"Gene280",140.502495369736,142.329912717155,119.939554006748,126.847386735897
"Gene281",0.748632437160181,3.45243730717834,2.95914070383034,2.81937472925224
"Gene282",1132.64064375205,1143.54381413063,953.574157360043,1012.82797118277
"Gene283",27.5347356726348,30.017344580829,25.2889886448129,17.6569604498433
"Gene284",37.0752845140949,37.3858707924114,30.34153872064,33.2697677737508
"Gene285",82.3655393727286,82.6223518505327,70.2710608714599,277.652605123374
"Gene286",76.9125229821483,77.7709580375361,62.9381474178497,69.3856335717278
"Gene287",153.14720829621,89.4457467120541,73.5182270027213,80.590951588183
"Gene288",42.8978316855117,44.2853177760074,15.4908695860253,37.9905250073794
"Gene289",20.2398558781606,20.1315157419057,17.2006530467873,17.9118696552192
"Gene290",3.14862342046651,3.58770451948711,2.07858010504704,3.34422291656009
"Gene291",0.443969625872277,0.170238494979119,0.343590776066015,0.582849056505451
"Gene292",79.3080781983856,80.3990302536101,143.059910323831,72.4616426324081
"Gene293",123.781597933371,120.974224793587,103.565098856283,111.83960024432
"Gene294",42.2544145793594,43.8552452012379,36.5736371267295,39.0104571868229
"Gene295",76.1572607069293,79.887805154302,63.8164807174381,67.7433344219394
"Gene296",6.12535648108731,0.649362473895042,16.4598550724197,0.590698533623
"Gene297",55.5360024588146,56.0153900998716,46.8334127030767,49.2666007416275
"Gene298",14.1640476902813,13.7507378744161,12.8408618297411,12.6289816449015
"Gene299",29.6133900390602,29.8184449350049,25.0510761677577,26.3357269266284
"Gene300",11.0509926355821,11.8598237888884,9.24893741132945,10.01971960711
"Gene301",0,0,0,0
"Gene302",0.234861697437492,0.201025202576514,0.319879630127766,0.0425047240007833
"Gene303",8.27717748540543,9.80728810278496,7.88484433999572,2.65893384970974
"Gene304",6.90897396710158,6.64669463582073,5.5565741296277,5.69155283690372
"Gene305",43.1156930622094,44.7973513138272,11.6825447898205,38.8615708381477
"Gene306",19.2098966882729,20.0556695552073,7.46170561006147,17.5765483941406
"Gene307",4.37202232513671,5.56587685988994,4.34887480897393,4.99247362102028
"Gene308",12.7735542601344,19.9147283827386,16.9418642713928,4.64935019103008
"Gene309",0.711321650745326,1.88109900715415,3.67977856362303,1.81725380956683
"Gene310",2.4769996652186,3.78041806474265,2.24810478802347,2.28893861540075
"Gene311",102.857878378996,104.130251567065,86.0361248865685,90.0548640061462
"Gene312",32.0817244427926,33.7246475518075,26.6962248115266,6.06312591675411
"Gene313",1.22256561794798,7.55961410196281,6.4396902821968,6.45605730467048
"Gene314",13.4646195396041,14.4872819879027,12.0552149173731,12.441004740904
"Gene315",50.5743101336989,51.6203963229195,43.5511259067117,44.7820651322768
"Gene316",0.371763206427045,0.394439663086657,0.290853463978844,0.203482582848699
"Gene317",0.100023369558759,0.113323012715042,0.107218246957187,0.107773631140967
"Gene318",41.787521800696,40.6944724668649,34.1487514628847,36.739941815273
"Gene319",0.0395577343996658,0.404315438584987,0.0616965378446224,0.0153021430496155
"Gene320",6.86635783255997,6.92655846869532,6.0286876338098,5.71115428280471
"Gene321",2.76445779269678,2.68475069193034,2.21293502276599,2.0415499110702
"Gene322",23.3489930840762,23.9458169360117,34.1845204023644,20.7917179842798
"Gene323",1188.19211900677,1183.41079531352,5055.39993676016,2828.14242993289
"Gene324",82.1572914239859,85.2717915481068,70.0307476775371,74.9057898178749
"Gene325",26.571845816149,26.3296841382522,23.2523447830333,23.0597837897178
"Gene326",0.115294376740444,0.0960529513700364,0.0998950606703345,0.285655032544529
"Gene327",7.87656722823117,36.7787725697962,31.0084613292045,31.6171597876475
"Gene328",9.18761780490746,9.21525293730223,15.5407107017942,8.08152973591919
"Gene329",17.8733558028437,70.4344145592478,15.0959744494359,16.7923609058969
"Gene330",94.819868434013,95.6205882929899,80.1452665597106,85.5650997189779
"Gene331",47.5647359942661,48.5017983293969,40.7410854735798,43.7555250674166
"Gene332",14.2170555169691,29.9072082976933,25.0403756394281,26.2405893223285
"Gene333",26.8524302736721,27.502274720859,22.9190480506275,68.2463377724118
"Gene334",3386.73700422798,3435.94616991272,2856.90674297017,3011.30561790539
"Gene335",1820.00153186309,1859.28825290926,556.61553570683,1623.51968785484
"Gene336",122.231982085607,121.951187603986,209.362764051062,109.485897709924
"Gene337",18.0235487309331,62.1018626939737,49.4926167575274,55.3571453827052
"Gene338",16.8518580841474,18.2471405593488,14.8946281809261,15.1723694195282
"Gene339",35.1812668180441,35.7244544617584,28.6302696126951,31.1153073964627
"Gene340",7.37432211051868,7.96497892752821,6.33563499258113,6.71721812910352
"Gene341",62.3366989106761,65.1704052372106,52.5078267091075,57.4185204671464
"Gene342",9.02167691587631,8.82797935061362,18.9208058013748,7.94448695670692
"Gene343",41.9756764091648,13.3673195839238,4.399933232415,12.7040406984712
"Gene344",65.3385521695236,65.1460464903141,55.128784118366,58.1339582728466
"Gene345",3.65196838450816,3.69802861790386,12.2556439388513,3.36572120916132
"Gene346",4.47031873305286,4.7972750583934,3.73377705921607,3.98930486653085
"Gene347",43.6374073803773,14.6635830991796,12.4011633840941,13.2473227505406
"Gene348",2337.7759401904,2324.14760981487,537.25202578215,2049.83562666142
"Gene349",123.628459343008,125.196569588399,104.516099049908,113.344436506003
"Gene350",10.7236806392438,11.2614906312653,9.82013574284082,9.86593741711334
"Gene351",0.0569088052023058,0.080668515505025,0.074886390652768,0.286031126836995
"Gene352",5.25552311175278,15.440221117534,4.5698020115362,4.82343801063436
"Gene353",22.8966707050447,22.7534401239844,19.9252306588239,20.0814800374528
"Gene354",130.42174337065,129.756335921605,108.66368850998,115.026906810842
"Gene355",165.481326031693,166.995226144028,139.338217642785,146.37227192368
"Gene356",1.04864640368423,1.22171625152624,0.928360560962398,0.993675795786537
"Gene357",115.146146818558,614.134391114753,18.7833974317244,103.391305426293
"Gene358",0.0276888095268525,0.0220962421304586,0.00975599641102649,0.0120594086009097
"Gene359",20.4430189715019,71.2178122523574,307.343256472825,62.6580782449616
"Gene360",26.4345446865434,28.0711768093608,22.160282560958,23.3863383216071
"Gene361",57.1303828939707,40.3931835893652,25.9699166973195,50.9904592463113
"Gene362",3.06281818905829,45.3051125430466,11.6197744095397,11.9186537374821
"Gene363",0.993920357653344,0.966269364259425,0.79916209149888,0.913871193706439
"Gene364",66.3502693684892,66.3697266666887,53.8303254128905,58.4012736549226
"Gene365",5.6490421803897,5.71014118672593,4.62480522661699,5.21694543070897
"Gene366",34.346449135283,34.500147607729,29.2189453559003,30.2436767839496
"Gene367",41.249358221166,40.131200085196,33.6235269982878,36.7825276066068
"Gene368",12.3559317628226,51.3483346032857,10.1098279688045,10.9694110471657
"Gene369",131.355931926448,133.602762000143,110.604686621,118.01859312304
"Gene370",0.0416177693610027,0.199326030351812,0.189893353675903,0.13620775350561
"Gene371",14.2044646531433,5.45591065368827,7.89982166538486,18.16041463533
"Gene372",21.3501276294799,22.4087200376202,17.6704412762453,50.681999250142
"Gene373",179.410061646771,182.310965412225,152.175126447777,165.511547065072
"Gene374",31.3458918697655,31.0579850276907,24.4439701531966,28.0105915564224
"Gene375",46.8179742346382,49.3504676567928,28.3189700499886,41.7722845365187
"Gene376",78.3022665263635,81.2302431721743,66.0289449309929,71.9526573248925
"Gene377",1.08479030834781,1.0747185929551,1.12852646482087,0.980828517927478
"Gene378",4.2905163566912,13.1288191277355,3.73592758603429,4.47654678806827
"Gene379",134.131516050086,82.4751376876704,68.2545834511886,73.014785366605
"Gene380",53.8843416804483,55.5961917803506,45.4790829434827,48.2592371606705
"Gene381",21.9869236065626,21.990022759217,17.8518815482595,19.3074350020488
"Gene382",1.01719449712819,1.067079544761,0.808212181767671,0.259292675163137
"Gene383",13.0925024154979,13.0474612682559,10.930909765073,12.0802341319795
"Gene384",31.7990394553519,30.6995341757756,26.1418162915297,26.5847961208802
"Gene385",82.3209520686961,4.23135702654615,12.4329902188532,12.9635072855868
"Gene386",0,0,0,0
"Gene387",5.32220428545872,8.28178637859616,4.61320666217601,4.54337440429146
"Gene388",2.22044604925031e-16,2.22044604925031e-16,2.22044604925031e-16,0.0276757090028594
"Gene389",1418.01413055267,1436.59949257964,4223.22326996237,1260.00970834886
"Gene390",9.84304491727532,9.65452406364024,7.65088263566175,8.71893798497388
"Gene391",20.4241427693878,6.17941434024662,4.92277871798155,5.30621561539348
"Gene392",1.383131308455,0.49686337483459,0.524639799832543,0.472044620605876
"Gene393",242.840563640241,77.0634757030681,202.987219777742,221.848283039114
"Gene394",25.2116407544793,25.977637581834,75.6857299874457,27.7291264210916
"Gene395",1.63407486975519,4.68381159945692,1.31258400946493,1.46255513129773
"Gene396",2.52575699219141,2.30455595265057,0.600781042035729,1.30847986319035
"Gene397",20.4746920448034,7.67501982769162,17.9984745631361,18.5843130078644
"Gene398",54.9025183390747,176.908527152637,143.593477052772,33.0213265218947
"Gene399",1171.74826106858,309.015446308753,2936.01458051615,1042.56355541504
"Gene400",1.21102847589931,1.04042993112169,0.341753293515769,1.04708585348852
"Gene401",21.4281480664865,3.3786208525526,18.318675443827,19.3987975451546
"Gene402",205.7318389078,64.4424462006995,52.4338865926994,56.9113418579292
"Gene403",0.777058558303314,0.223816687741863,0.354181733179223,2.58313388406321
"Gene404",1267.32175026242,1281.99270260802,2415.94619327581,1112.39355119268
"Gene405",23.4992856639925,23.4863713399585,19.787148941391,21.8559721311802
"Gene406",988.121222307005,998.66645380298,820.738144218715,877.823559340032
"Gene407",45.5816045377388,196.879084012711,58.6340642371364,77.1675868302282
"Gene408",7.52903830152787,7.56684209337943,6.00755290860578,6.6233658355476
"Gene409",49.869479388515,21.3673670549642,42.4525963222411,306.934682599372
"Gene410",50.9422097298625,22.9116646915416,43.9130896911097,46.1977289819941
"Gene411",27.7513826028682,7.2754884677882,19.7937762816019,25.4730946982443
"Gene412",0.106575702355609,0.150232363550739,0.102291923916399,0.11789427947837
"Gene413",29.2879419798383,28.0769936493063,24.0549496394761,19.4956669616185
"Gene414",90.3714851803092,90.4063971910662,76.1333474973923,80.5626684203997
"Gene415",35.6861305956951,34.8163237358213,29.48279468886,31.9249086132262
"Gene416",27.4021951884701,26.799310805134,22.5735023225048,23.8348762858217
"Gene417",7.23120387976634,15.2958569890835,12.7702505254865,49.8548562466832
"Gene418",16.1942698958619,30.5528617446166,14.2435758418649,15.3885001527262
"Gene419",49.3829442504605,48.3084489589739,31.6124216078927,43.6592031678127
"Gene420",56.1883331513724,56.5261010675009,48.6306281641405,51.6307177193129
"Gene421",12.2999325145572,39.8325496247108,32.8827915472569,34.7088267254006
"Gene422",33.9717756021004,34.0568926574205,26.6070539073591,30.547562302542
"Gene423",6.73866519215971,6.64452514014756,5.37492042960091,6.23708675456421
"Gene424",216.813028606563,99.4233666109862,188.180379665202,192.730678642458
"Gene425",7.19375833252486,6.87880917463876,7.15750072986367,6.12762698719884
"Gene426",71.9602755287307,71.3391580293256,59.5498949946285,63.9385424074582
"Gene427",95.4267224523981,97.8232812560599,12.8670091445309,84.795864279312
"Gene428",26.0423879043637,49.4558810151111,40.3667727930473,42.4282727155199
"Gene429",19.6846983967052,20.8027940675667,16.5615213643145,19.1393290767513
"Gene430",1.52156565441371,1.33758417174075,1.08925786736857,1.20254410297741
"Gene431",66.1853997523192,24.4955824323568,20.0818774981384,21.4786335045206
"Gene432",0.17729369029202,0.239322728793542,0.20546106428608,0.212500859686579
"Gene433",0.309928361787133,1.78031570703809,0.432376352759587,0.616814589609277
"Gene434",17.7555126387661,17.1668517877561,14.6647810232794,40.4833556115769
"Gene435",51.9193374087418,53.8928107564422,141.031869094052,46.0549301007153
"Gene436",24.6209927295164,26.9050345170541,6.38786502366401,75.8106630143347
"Gene437",26.3199288827532,26.2775112283533,22.955113851247,24.0178389331992
"Gene438",51.6813411588267,25.833504482547,73.6745314232249,47.071781725331
"Gene439",3.73687848618753,3.79507609762191,3.00671937967813,3.42043163687726
"Gene440",125.712051027355,128.760561303945,152.129551855078,112.624435401511
"Gene441",0.108867114170258,0.0593754498287174,0.0651611413832729,0.241752712151118
"Gene442",108.192847544276,97.9578751249986,89.4445204537039,21.7310611265754
"Gene443",6.13609675799467,1.1575490002402,2.36663867875078,0.856698558048881
"Gene444",27.297931829924,28.4341818451238,9.03604850502736,25.8849326576159
"Gene445",7.13587422523743,2.57039106439035,1.00600939426672,2.58054509797451
"Gene446",3.0578671534994,3.06603292265502,2.63968349871891,2.8570387911114
"Gene447",819.021246398551,827.970450628537,687.420576273666,732.608012627072
"Gene448",44.0429030668939,43.7601153951267,17.9237924728087,156.044169531342
"Gene449",1799.29714157561,1857.86715525341,297.912493245521,1623.61720955803
"Gene450",5.34807456102946,16.1406078710851,4.42050709891299,4.79372607683017
"Gene451",5.80809979915824,10.9802385773339,8.99026954989145,9.17903837325545
"Gene452",167.917304044025,171.712775446447,140.589453332933,148.746631294913
"Gene453",23.3934994376794,23.7201585180617,20.4483867690426,5.21472523481953
"Gene454",2.65171213111287,2.7377205932492,2.43969047055707,2.40300430908421
"Gene455",93.6692735894776,96.5626835296043,80.8590505351102,85.7464091000597
"Gene456",47.0556074640403,364.479346717983,40.6650448421419,42.5170866618039
"Gene457",39.3920324453889,38.9528209967884,32.904280656668,35.6924101819505
"Gene458",0.220256605393536,0.0785306626558064,0.0703746941814209,0.118142520595228
"Gene459",57.6222049685523,14.6709399276993,11.7102286814607,12.3717478767136
"Gene460",28.9938791554247,28.8106198652396,23.5001463427167,25.4663334249085
"Gene461",62.1045842419859,61.5992573002924,105.033291488327,55.621057041624
"Gene462",14.8525008654264,15.1067166438305,12.5874562988113,13.1472425305219
"Gene463",53.8619543765656,55.3356531143632,45.7125219331547,48.6653609223167
"Gene464",104.054832948359,106.39342402787,89.9843519607692,94.275401492892
"Gene465",55.7698572807239,56.3389037870801,28.8704145000189,48.5842111453153
"Gene466",33.0293975645789,33.9233325417636,26.9562710600891,29.5973589219117
"Gene467",36.3361727601242,35.8618007431768,29.7271707421021,31.6219041523637
"Gene468",30.660677733072,31.0507670683889,26.5197276936671,27.0216884675824
"Gene469",17.0793745317488,31.3529621302804,14.5941830560079,15.3236645582427
"Gene470",6.93860278096591,6.82025077433007,5.94483026374507,5.36901546735291
"Gene471",242.886235678544,243.884933029231,201.925120322758,586.291124795978
"Gene472",11.8143991855894,11.6037973281356,10.2028000927137,3.92323988338307
"Gene473",33.7674599105519,10.447743360585,29.137794351847,31.0231290119179
"Gene474",88.7927815962838,89.2186306103214,76.2569293235989,84.3653170509741
"Gene475",31.6364041557785,31.8520800340685,26.9472397728513,28.9385448864162
"Gene476",26.7887530361349,27.4406028369005,22.0682530957268,23.9722621193569
"Gene477",0.0122324066900794,0.00946368737942027,0.0032467522424484,2.22044604925031e-16
"Gene478",11.4654302763443,11.2943134166141,9.60266506019398,10.4205082200235
"Gene479",66.8430933292959,67.6600697526308,57.0405079524738,60.1180716842173
"Gene480",10.4002722911475,9.87092803855115,8.22743450642073,9.62793033607454
"Gene481",1.59584665471165,8.63667164176388,1.37512965022016,1.26460447070294
"Gene482",6.73337754102331,6.36035254871513,6.08147079484826,5.67649714632273
"Gene483",19.6165813928648,1.70379666600093,15.6893292725798,16.7402315200634
"Gene484",563.905679328695,1967.58051453872,1625.44211750188,1090.611221598
"Gene485",0.0579438546243063,0.0552423852764076,0.0456590731339674,0.0285230704641079
"Gene486",13.3931647919506,14.0616615073868,11.1063968852141,12.3021977850327
"Gene487",3.906931442293,3.93436191143745,3.29274369025574,3.79529971577373
"Gene488",74.7936752564878,74.8170543611462,190.107746692378,45.6756973232896
"Gene489",0.012493130039389,0.0515576571964627,0.0119308795673126,0.00923781324264765
"Gene490",23.0304726074064,16.2293184733683,19.1445334972991,20.8203307466116
"Gene491",47.248727582107,182.0357045603,39.8913441014785,14.6930906447827
"Gene492",0.941810675671536,1.09037273143369,0.791140532094865,0.757396684546524
"Gene493",21.8057324055742,21.8281478410452,19.0074802630352,43.604541737862
"Gene494",78.4925232796938,78.2220510094645,64.8695346423494,15.3317089854234
"Gene495",11.7748174283571,12.0347512133723,9.50754605595241,11.2898642421017
"Gene496",26.8832762859926,125.275621963769,23.720900399815,6.48227271496646
"Gene497",9.58928289064295,36.5577968318545,7.74213781327622,8.92833076017543
"Gene498",2.86158381932242,2.99575017993135,2.58297345141439,1.51007005420091
"Gene499",19.9228650200405,21.0815373554639,36.4567071511766,18.1511178159271
"Gene500",0.205003478402204,0.232821924926557,0.182764228032868,0.0678480380480866
